Bobby,Baylor,Bobby_Baylor,goBears,Athlete,Bobby_Baylor@baylor.edu,Tomas Cerny,254-710-6506,Volleyball,Injury Reserved,acute headassery syndrome,Michael Coffey
Michael,Coffey,CoffeyBean60,asdfghjkl,Trainer,Michael_Coffey@baylor.edu,Football
Michael,Coffey,THEADMIN,asdf,Admin
Stephanie,Alvord,SALVORD,123,Athlete,Stephanie_Alvord@baylor.edu,Meagan Taylor,210-867-5309,Football,Cleared,strained MCL,Michael Coffey
Darius,Sherman,DSherman42,wallabyWay,Athlete,Sydney@australia,Stephanie Alvord,254-710-2711,Soccer,Watchlist,Full of himself,Michael Coffey
Josh,Pane,ThePaneTrain,boom,Athlete,Dr_Pane@baylor.edu,Dr. Booth,254-710-4338,Baseball,Injury Reserved,KNOWS TOO MUCH,Michael Coffey
Leah,Elias,takingTheL,LLLLL,Athlete,Princess_Leah@baylor.edu,Luke Skywalker,254-710-4786,Basketball,Cleared,The force is stong with this one,Michael Coffey
