Bobby,Baylor,Bobby_Baylor,goBears,Athlete,Bobby_Baylor@baylor.edu,Tomas Cerny,254-710-6506,Volleyball,Injury Reserved,acute headassery syndrome,Michael Coffey
Michael,Coffey,CoffeyBean60,asdfghjkl,Trainer,Michael_Coffey@baylor.edu,Football
Michael,Coffey,THEADMIN,asdf,Admin
Stephanie,Alvord,SALVORD,123,Athlete,Stephanie_Alvord@baylor.edu,Meagan Taylor,210-867-5309,Football,Cleared,strained MCL,Michael Coffey
Darius,Sherman,DSherman42,wallabyWay,Athlete,Sydney@australia,Stephanie Alvord,254-710-2711,Soccer,Watchlist,Full of himself,Michael Coffey
Josh,Pane,ThePaneTrain,boom,Athlete,Dr_Pane@baylor.edu,Dr. Booth,254-710-4338,Raquetball,Injury Reserved,KNOWS TOO MUCH,Michael Coffey
Leah,Elias,takingTheL,LLLLL,Athlete,Princess_Leah@baylor.edu,Luke Skywalker,254-710-4786,Basketball,Cleared,The force is stong with this one,Michael Coffey
bob,bob,THEADMIN,weiner,Admin
Josh,Pane,jjp,password,Trainer,asdfqewr,Football
as,as,as,as,Trainer,asdfqw,Football
bb,bb,bb,bb,Trainer,bb,Basketball
as,as,as,as,Athlete,as,asdf,asfd,Football,Cleared,,Josh Pane
Break,Break,b,b,Athlete,b,b,b,Football,Cleared,asdf,bb bb
tryagain,q,q,qwer,Athlete,qwer,asdf,asdf,Football,Cleared,,bb bb
a,,,,Athlete,,,,Football,Cleared,,Michael Coffey
aaa,aaa,aaa,aaa,Athlete,aaa,aaa,aaa,Football,Cleared,,Michael Coffey
bb,bb,bb,bb,Athlete,bb,bb,bb,Basketball,Cleared,,Michael Coffey
